Country,x1,x2,x3,x4,x5,x6,x7,IQ.CPA.GNDR.XQ
MDA,45.55897305388556,5.746001823568371,-17.91130586990166,-32.74784807712276,33.53812793891262,-13.439909046243603,20.140183738576614,5.0
GNQ,43.23795437587661,9.771258210217892,63.36270377352122,11.666737311044546,-27.817691661909485,-5.628514365450247,-8.38150741997078,2.507795731940556
TMP,1.0991533490816263,-3.2075807495584767,5.088111756063839,-74.4419779919798,50.94065102049605,-0.8913359621360422,7.292945322654026,3.5
TUN,37.410534823690206,7.813954908842577,-32.625862084618866,-11.9490879533737,20.35222651398312,-5.78116456549853,8.6420166467966,2.624085199281142
YEM,61.151626350898745,22.370413159452475,46.3062978724074,-22.38756597496731,1.6783052625322417,4.570741974368051,11.208337324389143,2.0
BDI,64.11281025452077,14.837178073461025,30.842921795212746,21.275747536812347,-9.127495273113208,-6.232524006479335,-1.193421886634856,4.0
CUW,-23.706401602972345,3.079750297939218,-1.1623145110973399,5.039674929034555,-7.8290173518307,-20.132829729891114,3.430249374162307,3.6755775968618654
CRI,63.100665348404405,7.701770244322415,-18.420066811730898,-3.11065395112289,8.003875040805086,-3.67739066806281,5.0459231405074405,3.749718169136525
WSM,32.707283317597536,19.12256044969296,-29.333948999325894,0.6418101633248294,7.236473187392052,-13.400411954611494,13.873024688202552,3.5
NPL,40.31760540082721,9.686373474945642,1.257479354332273,14.760537917240656,-7.599455619981179,-14.713810395055182,-18.321417172777597,4.0
EAP,-226.7713570667201,-26.280259549642597,-8.492272229488186,-14.749997648064612,-5.0375299964782485,-1.801849756751868,1.6332942663393868,3.36363636363636
ERI,51.573588013250635,35.009978018487026,12.194617085740775,28.38489282511671,2.613945214241619,-4.577842201984614,-17.635005613022503,3.5
QAT,-6.147544625740517,-31.68880326030488,-12.138888354306768,-20.609341697847047,-13.27054105549747,33.08735657880551,2.1865212854596128,3.1303221376116714
LDC,-49.497877344166035,20.271179869307762,60.994611389816605,23.783980977740033,14.361765197558828,28.914306385512923,-3.8214522055054005,3.2441860465116297
UZB,51.55773893941679,-19.795889237533526,-4.188853587795021,-13.66361895303796,-5.240661859872613,9.708657041578633,1.075075909296846,4.0
CPV,31.222099632695407,2.6029196415715883,-34.937523555747305,17.907332326627007,-15.120667886000149,-12.838515595634062,-8.427378855218112,4.5
MEA,23.588197927507668,-6.83728385944326,-15.172580558543943,-14.82608559221987,23.5703877420152,7.367949872404511,2.2182583616756713,2.5
GRC,-2.1469096230940057,30.774014054735368,-34.12723807173286,8.247528648647508,8.19675131096988,4.987549202815551,-1.692114869964347,2.840102029854852
BEL,-9.248927415846557,-11.602704383451398,-37.27771402690446,-4.299742518006521,12.140751417459079,11.280649178241683,15.189632784143642,3.266133138492293
WBG,-17.836978170589184,40.54468651618732,-10.75205754499501,-25.079211297073783,22.49762593233991,-14.736532902182304,-4.163118447682494,2.8297617401485198
ECS,1.3157946911635046,-87.80317407170475,-13.203885352211806,20.498278521700072,24.660379139295127,-15.41492617958378,3.6104420132224315,4.27777777777778
ARB,-11.55991999154216,-8.020379311333592,19.50453563651975,-32.82865823253767,24.457284288529372,5.110823748226715,6.577896487596456,2.9
AGO,55.55913754633833,14.511375179497911,43.43325308904142,6.4289762442254155,0.3318875777895177,1.5580110914136023,-5.127199954345083,3.5
OSS,18.461360698552575,23.443873772046743,18.019088649062354,-3.6240062956930044,8.691445805598303,4.331407317338423,8.766841993253852,3.5
SLB,55.53687710807264,-0.5836169571786894,5.979042452803414,-15.363077153304586,12.923654219060582,-0.265070812882191,-18.982009408431907,3.0
STP,25.141505533201926,6.59001879073849,-13.699527080758825,-11.185965070230491,13.916362024231882,3.6199754127801738,-2.837034908071757,3.0
BTN,34.297778073727166,-6.500896842479744,11.360614466867318,14.680223032892798,-20.365707543703174,-7.9136568778735406,12.958393020866643,4.0
COM,52.02076076482835,24.731066919597566,-1.2157449753669742,-10.282645767348303,30.50885998809931,-19.01947148099501,-25.118297174215762,3.0
BEN,51.61192850617126,32.6244440535765,21.089305357161457,11.294969633013581,-0.2728079674927738,-12.881441316147892,-3.9058121798337924,3.5
PNG,46.44458710725833,-4.8335445783599775,13.63841381715278,-6.00786566818169,-11.75655647447776,5.440554034284618,-13.025803110331188,2.5
UGA,47.73844687844609,34.338456299785264,61.26991487810835,-0.47386719013852147,-9.119634958739884,-1.4384861793788914,19.816722162077106,3.5
LSO,54.19053586406308,8.412861402006147,15.66252162003176,8.712451529515683,9.649230508883123,-10.7644532156638,4.216827894334153,4.0
MNG,41.86182305685844,-19.631715359789787,-28.388612354220097,-12.309072928954702,0.753553169617368,0.5536500515092673,-8.91362801620405,3.5
KSV,45.039839412376786,16.81215322020444,8.174674444081031,3.0999801212353635,-3.2684746889896825,-4.386864683881702,-3.0127663506498714,3.5
COG,49.60136266873642,-0.33670595317437313,19.08405194667333,0.6213351808119951,2.0688836104263704,-4.11618392999967,-22.010943617824797,3.0
TGO,55.79491300952843,30.722519570174832,2.049886215436471,16.887399775519693,1.0199549393371714,-12.546083679772295,-26.095536896033906,3.0
CHE,-11.560261004018999,-20.6826267491198,-16.434257363384088,18.069769220609455,-18.50796871783058,25.46050301908765,25.33857631815011,3.745508591402347
MNP,-8.486084385521265,-7.734898572145406,-6.904294217305503,5.509502005548785,-6.358808131237396,4.498307422515959,2.140039762694389,3.977652245545243
LBR,25.477289208283224,15.124002999507194,21.29725743424498,-9.143959393682508,12.650930735261342,-15.910624610597882,-3.802001867401972,2.5
PHL,14.24708439476459,7.019458221996028,8.45323727697041,-0.3111156491692077,-13.704812128378364,6.582082918907573,12.317869617783234,3.996769707475768
MNE,53.82738661891884,21.29223530040923,-11.608605006778815,-12.387524581382824,22.01772721604661,-3.8774894957264996,1.08532900752724,3.4312994715953717
KOR,-12.37486362985018,-99.47613129838403,-0.7396378059594416,-72.86454830746497,-6.367950974386352,51.61141640173193,-107.16000206134252,3.898713915137173
PRI,6.6046269731970835,17.536259498389,-13.544541632284128,-10.004117172150178,19.30374191694818,5.142645249850504,6.604573013945216,3.7765747632901974
FRO,16.93774196136985,-0.6403778851167998,-10.006654696591115,-4.0527745331778835,-5.2291418256623245,3.856516209210661,-8.268278961970973,3.9901804354973254
DZA,87.09926840960678,-17.273533291003982,-25.96198213493648,-33.47701710255223,17.605574104891907,11.236863574074405,-8.429736494577915,3.385245882110726
SYR,61.580986972996335,-3.4002621110939955,-2.1788933590881596,-43.868284083652384,37.941497902321366,-6.973736616762077,4.344916449515899,3.41315353658437
CUB,1.4830202935122223,9.516726834052514,-48.436073999066146,-11.5717324575701,32.61030734008785,-11.624518026050726,0.4194778132727697,3.6533051034988673
MMR,65.66215313385062,1.8721291612471394,8.37190124987128,12.997219823889383,-18.819466625911552,0.19292311662229353,-1.7072259286822073,3.8415016735221803
SVN,19.922866902927165,12.611604717266427,-36.44192814527178,-3.2253771435236676,0.4158485441298979,-2.0656853271882616,6.312811053955897,3.0906521579672805
PRY,60.88483512550696,-3.080662698597202,14.578197667096175,8.734617476363729,-13.020922855545493,-3.6601611445290447,-8.389651453049378,2.4198313903555535
SDN,10.660119822052733,31.463988647854794,49.575645413388635,-35.79522144104951,15.989347154639015,-5.667356190618545,-31.057199258505022,2.5
FRA,-11.44777854305506,-11.647369453261899,-32.126625960982615,1.1375038097644758,-6.325453693177898,13.030022124527934,8.638888639076859,3.590561327044544
BFA,51.816969566290894,23.445196555143177,67.58264334509006,8.377174504052762,-18.037056396609277,3.6027664014663663,28.195592885224155,3.5
CMR,63.08420710409311,37.93628841155111,44.78866897202328,1.546871696937348,1.0022002118147406,-3.581020468983418,7.3729563880122875,3.0
GUM,-17.64647373024822,-16.55951549584118,-8.183444018460543,6.03692061589559,-7.538295414753665,-9.234461754535898,-0.9880804572583864,2.711755374337936
TJK,39.711065748603616,21.325761199486198,0.7617453801217362,-8.223942663515603,24.04048136010175,-9.329347709182382,3.929245306439099,4.0
ISR,-0.2557470793375779,1.2953839853977998,-29.94591566012029,16.402579994348308,-1.2871507513885232,8.563473289490425,4.457244004818927,3.3032487992594195
FIN,31.69406525494585,-4.861022179276951,-31.17647554148687,10.748797328041979,1.8629962118491996,15.96391470831324,4.510958519358112,2.927113911364618
COL,28.273402509784518,-13.869320403860176,-11.138160297071588,-18.182936226561488,-19.894043602086665,17.65934647635297,-71.93343373727751,3.108269653391952
MNA,-0.16353446102268657,12.892416102872405,6.628767795222023,-13.923832389837798,14.835757106179901,-2.447954717806107,1.8842710530242932,2.5
SSA,-220.77152445041412,45.8715289414767,68.4468579322009,18.990369011213964,-2.5773218478472413,23.6548637230983,-2.0018786383936162,3.25
PRT,13.003683430520402,12.09230386985364,-34.14090499105798,9.544827604334401,3.070251828226399,1.792782873938907,4.2132828416835375,3.5281043990867347
TCD,56.6515014429896,9.778688646043149,87.73208955505612,-28.08541901680029,5.922786627722563,5.503301356397395,-8.485029517370746,2.5
NAC,-9.610170259925225,-58.18321512435604,-9.018086475787678,7.047558838311413,-11.105604397422226,3.5933523131098157,2.842980097428028,3.087144602228081
ARG,-14.534377696680027,-4.086130304974465,-33.35374949761227,5.4722580657475675,-15.245506878505536,-7.948922291461639,-15.498254405174261,3.2698562115993868
WLD,-185.99791362655552,-268.7591634429888,54.37454892945993,146.64990359615257,119.76523923046112,37.07983015585405,-17.54335145714359,3.4350649350649305
PRK,21.667012736882697,-13.004588218654936,14.786121573583662,18.671298472162512,-24.60586078299747,4.080848964121096,8.995522024515866,4.276260535518618
EAS,-11.612938350196481,-72.5682384094137,-4.895583376600232,21.186232744572948,6.88751962657636,-10.496522643955835,-9.338267973839939,3.36363636363636
NIC,46.39214652170973,20.110548528896476,-5.5580304557577405,21.465202947918154,-11.687795340198557,-14.593276848521574,6.229882905577527,3.5
GRL,-0.7028864322674024,1.2764119130870726,-5.197988394004366,-0.6281906452078371,0.013954878880743446,0.7763516850764033,6.5570315320806944,3.4673914241415273
LMC,-469.2283588622979,34.29605234122681,1.8982752780258512,-16.683496691712886,14.694420218572972,-11.630496383947266,9.65014323996377,3.53846153846154
KWT,-26.615818035281368,-4.4574742561215634,14.892712086558447,-7.61316739137872,-13.218969629636725,27.91373717219413,-3.710727078107254,2.815697347167347
MHL,-20.846736695151765,14.409428933704211,-0.8600449333851875,11.414771127221703,0.9599493336880393,-8.214462226065788,4.4632948777756205,3.2312372065135833
TUV,-37.25249709567891,18.65816646053289,15.985774719256817,-11.640101350121222,17.903688689048195,-12.769372617588502,15.098735752678666,3.065702540749622
NZL,-1.1895010902231318,12.661665420649948,-28.44842234507995,7.522902736809403,-14.408321347154036,3.9916961381276344,6.086447067071528,4.2545695390850184
ATG,1.3607746133730203,13.582993878719337,-18.222107249047426,4.424252214984163,10.275726934601915,-0.3583223668570563,0.16994683103159516,3.375594520356555
RUS,-26.160469877569216,-20.48781397136484,-1.5029756465208886,-13.865896018969792,-6.051715551310131,16.939785714643385,-9.891418887159483,3.970318540021278
IMY,35.29882236655452,-1.9843016655233394,-3.4313778450246257,-5.557726953094873,13.79293124264335,9.473093610513544,2.864425071941012,3.2318516317033135
ZAF,41.683123845290105,4.11847420729873,-24.922563295910148,-0.24300408500578047,1.7793719658685794,6.211096268287841,5.497528602873005,3.1034993951778906
GHA,42.05153078091039,12.973106425208293,8.131308061516146,1.6953570413364065,-3.5068425453409033,-10.991186114436504,11.211848893135988,4.0
PAN,65.97541489270766,-4.78376982356229,-12.039565510693533,-1.7039149103924451,-2.569270453910322,-13.471974376248772,3.1692813703291565,3.6925207129287996
CHN,-51.64349383075967,-109.9101504282191,7.4190801372460635,-29.883543401148813,-38.175952088715086,49.89764382248924,9.431538229806495,4.98403663251358
HKG,4.137841505929433,-21.989609401836972,-16.329611416908026,-13.350000497982005,15.831928955142136,13.836470421826633,10.725810327396701,4.4335596282808645
CYP,23.089175219873987,14.74186394682461,-27.399922989422517,-3.0969379307654887,0.22933140010146175,0.214682567596779,1.260116523613509,4.330451093115437
NLD,18.601213130115596,-10.255429546651929,-9.831920932507304,26.39578487386186,-18.521968743552723,19.597109506468637,2.3349651674609238,4.869141312785789
MAR,34.53215058177893,13.76312433296038,-20.522799223108095,-14.489548698689854,12.611293972628767,-4.559715600910129,4.217269532805465,3.9517629517919843
CHL,-13.123038934334023,-10.558635680320668,-33.96618990305646,-13.942623857830378,-10.629650619975983,2.7244180609498425,-2.291233083389002,2.5904321862988677
MIC,-1141.9618519284766,35.96092875823784,-4.714578513105057,-23.69195734809811,-25.825400282441127,-29.12636520483439,2.8743607486869567,3.58163265306122
BRA,-75.25487426908688,-10.48885460905663,-20.750399160705477,1.4027997951609605,-26.596367792152872,-1.7838522549328046,-12.022681986985852,4.438878071422183
BIH,46.0889393648573,22.471054432595757,2.327362180539263,4.306682706767262,-1.756388901167046,-0.6009894459959964,14.057200715233922,4.5
TZA,39.74106882605149,22.444520253108003,20.61582462517237,15.032878846637443,-13.755796672563939,-7.738891192656939,-5.614963434364076,3.5
FCS,-46.259721166265294,6.736750556519964,61.837236432959315,3.3987114750548195,13.377166773849495,18.152319021625903,-0.6855878554947868,2.9583333333333304
MDV,52.08771554912694,2.8026304141149048,-7.1221168533568875,-0.7061132704651121,3.8939888862039203,-6.692935500967812,0.7763356737295513,4.0
MLI,55.028107503827414,41.701741335560925,74.79735534823917,0.4592450459941928,-11.711108025184968,2.195218804399914,18.372369878774883,3.5
PER,21.558177712390815,9.568235869271785,-5.876086263939454,17.99909457140836,-30.430019637149993,-4.990185814537889,-2.9420948597070553,3.056935133311292
MYS,54.82294594091329,-5.871235355912859,-16.027456561149055,-15.702403609656535,8.823646221238334,2.2866061618725455,4.154033640102149,2.5515287876455988
EGY,37.87211746242498,16.794342488702966,-9.173131445920351,2.800013677276957,-2.5359847689225288,0.5220466455214943,0.02021942432201505,3.384534280669417
SYC,-13.46568032768049,2.4934709630112737,-32.064307364693136,6.396644688901284,0.40832158324320583,-9.21008403711527,-16.902025502872107,3.9351269258114634
SVK,9.3768653678159,12.136593597579536,-18.516549013019546,5.827745856725126,-4.200762270065537,-3.3503405555191708,12.599640135853136,4.228563291454668
NGA,58.55847290771773,13.341630969239482,35.143129797777874,-15.947826802904897,1.4760357262501955,13.88817454942773,12.869433557591899,3.0
IND,-68.3188389422313,-31.150514638993634,-2.8788085546514286,-40.13847765422631,3.935334430261103,14.248450830132613,17.445536932935376,3.5
KAZ,15.909900591199898,-0.4824377774123744,-4.0734102170311495,-9.99535815762948,-1.6043528561782676,8.237642073138375,-4.343430251087013,2.770253633402188
IDN,-41.64555999527694,-266.79616980948333,71.91871627597159,-55.12763235466724,-56.60368881364347,-69.75581987770295,13.28035412618688,2.93440411329949
GRD,43.91266510520764,11.476231930103852,-34.85302242820304,8.381650012126169,10.986929618184998,-11.368008498707997,-12.131562653469366,4.5
SLE,51.52898197700151,0.8249443229302992,-16.793088464335447,0.4725740712881106,29.224004776142245,-12.395495626831082,14.19173353362757,3.0
HUN,-8.94927052959403,17.064475299990395,-19.679058266548125,-8.61642824175587,14.865052375810322,8.861202826480039,15.31223924195773,4.033874479017301
KHM,60.47773254797789,15.313976300414232,5.584071722089614,30.553342608272718,-19.899170074277766,-13.000049479455756,-9.141416872943939,4.0
MUS,62.28358134035415,12.057321189296056,-25.870057906220143,-3.209527585059185,12.721587580876271,-4.5816188701290015,-1.605908995400284,3.3748103654808714
KGZ,41.82607865180965,20.20976773705251,-2.6700329430803413,2.540572414184409,-0.925656014042073,-9.308958196029735,10.756980236581088,4.5
CIV,37.98215681254522,21.026592045194132,14.781851671514817,5.994197703471253,8.366289482681168,-10.031857525587357,-15.122157265314826,2.5
VUT,69.72482940581753,18.039898430610034,-2.9537634631611227,-0.9752865874038278,2.4336994348940504,-8.666619558526344,-13.364714422139832,3.5
TCA,37.74921238220744,-8.573784810988228,-2.2495003374662383,11.617509094660768,10.491654769831419,-0.7370963024649393,1.0999563120232956,3.6997862593636004
TKM,76.0757473367988,-16.93395518997047,5.901037687706656,-3.4758261864570645,-4.34128966769723,17.58484155551638,-4.864382503290918,3.882505026726901
VNM,13.240746446764089,-89.35258559723331,26.23536620405,-7.953498415889473,-32.859327258936624,-31.32239511527943,-1.107866062553439,4.5
VEN,12.471227557169309,14.461742638452971,-5.03452299482562,-3.4513223133141637,-12.869254508382538,2.9233089182513203,-18.621484294227038,3.408508530679458
CAN,-10.597655299108332,-4.649312145310013,-7.849823029414515,29.1239663631129,-29.1030588740102,18.69536408833323,3.099878288745454,4.392657421670784
EST,3.282353847822495,8.87828345258857,-30.881160015162862,17.116921801728886,-11.764808539186076,-1.468489651734383,1.2929213884164275,3.6233301041186095
SWZ,63.37806558008196,30.967005260933018,0.1455128018386652,9.980256832911856,18.92633250711991,-1.840077486145391,-3.006465845964706,2.747323527230794
KEN,44.849338975283146,13.8962251819746,-17.19561790022789,-0.6099024308416876,9.814795889288005,-15.9859937567779,-4.778932982629594,3.5
JAM,25.422152445848084,33.41137142142935,-3.221960873726351,-1.0536670373198478,-10.670169291477237,-4.413429146847738,-22.639077573536685,3.6211612276299086
DNK,-19.20101733327071,-4.668435807836987,-36.92279337624552,17.897292348115165,-23.721094410971325,14.704010639326784,0.7597833455036489,3.7025259285520464
LUX,8.818849871940186,-22.65755041462861,-14.394162527852494,-27.729031335139403,14.046375672603476,13.245538564165905,18.99325573086531,3.226221277847261
MDG,68.68388759904295,20.61637010044919,17.213628584400134,27.740300319907774,-27.753659819299568,-5.358497640567381,-14.878142679870711,3.5
PSS,-2.3380182366985305,12.376420580458548,-9.94666035891001,10.4745234372492,-22.414560773142707,-4.054207831116366,-4.8411910335953445,3.1
ABW,-18.633373812938757,-1.7696647497599367,-41.40530976343961,-1.4869418535738668,4.688980321191662,1.8742882237664318,-4.755389173676196,3.8395441257256566
USA,-2.3089164337470853,-104.6224692157784,-2.039309625635127,-1.05553839004418,-27.830905169607277,43.44391402730849,26.494350139088002,3.972118330236447
AFG,67.46973895968802,30.368121655765904,43.6367030462718,-13.185090590014847,24.548205544923178,-8.786507588025017,-3.6296856223389673,2.0
ROM,9.077535760867157,23.482915611077317,-6.388716093327391,-3.2256288072751307,17.65648819074599,3.2591293009490854,13.649554053078129,4.2760560120909945
EUU,-9.69645915325385,-66.28510627059768,-18.166571151580523,12.602721938711735,9.332879233793776,-15.560548308587185,5.833833745672302,3.7663615545273634
TON,49.90587005906709,20.14313018009603,-5.134453516578161,13.357217898690788,-3.4977581368549813,-12.349498506998858,-10.895182700084865,3.0
LAO,43.14300684558811,17.162903559223555,28.112787914251662,8.189906202152576,-23.363560446920552,-2.314089695005701,-7.533654508767452,3.5
BOL,50.11008678862721,19.650873633183704,5.126692304922654,0.8696844751420153,-9.096630061554826,-1.8806817670137235,6.863812877977503,4.0
HIC,-18.235449293217286,-177.20323924929573,4.702869761662226,19.956806048904298,15.14069142958346,-36.76542127407775,1.060965280136316,3.1115441515830966
SLV,45.24889606326884,28.032954111933005,-14.06324106125529,0.3836276580010641,12.075248202494086,-9.122443244159998,4.7026102127366975,2.3459347513212814
NAM,28.14144700647866,21.349662179283786,-17.80719322434248,4.452857661375998,-1.4292499540984724,-2.049903489567323,-1.7542429290280297,3.1757779686253995
UKR,-10.655784837772003,4.964194877586672,-26.43991712419966,-7.76253478561552,0.8732820006878846,-2.7247477060212155,7.582688029872268,3.0305483431226463
SMR,-10.711877785135057,-12.637644642445814,-16.784123240602778,7.356465187272757,-15.717507972858149,-3.808117558894365,6.615323607599458,3.0991501487090822
BLZ,46.72684472540078,21.5038561273154,-14.172795097573042,30.04085102832185,-17.94863218839672,-10.21150370383701,-23.189404110734912,4.2552198427418
BHR,5.730116875702763,-9.699706753924957,-19.58633034112944,-22.115300652762752,14.132426283227558,3.73954907825171,6.910570288617222,2.9979770192113433
MOZ,35.731759767243354,44.03087246424697,62.8231558274177,9.452980428152998,-19.264832902191067,-7.710071129445669,14.971585566639135,3.5
SSD,5.008153000862987,15.331364657239737,8.926975711074983,15.563448397435995,4.717011702292773,1.3077054322113362,-5.231292146879158,3.532703580061498
ISL,20.436395574298228,-7.1451156419681,-53.01635709282065,41.96693306190848,-0.008483880624754608,-0.9727521082078027,-7.657850628697919,3.0509398772367433
VIR,-35.67241003513646,-2.326745228281789,-4.580801957553964,15.159235074165402,-15.271802332603295,-1.3676837704833877,-5.8561991022223925,2.274243182611724
SEN,52.70101774201166,37.66490229029141,48.604423646692894,24.953661854401982,-27.627663864058015,-3.956412414784733,-0.5521925552822543,3.5
BMU,28.92422112758551,4.434703969685481,4.776212786609971,10.144644531177027,-0.5896386862870181,0.5020119684943913,-9.9508332669989,3.490721308898188
BLR,43.594775809480936,-15.005626142373064,-7.636573723096032,-13.487163124655323,-0.8288344222863936,6.153248596834511,-16.085672004990194,2.7628778835762695
SRB,28.914101270324057,15.053198517489704,-20.68986583936688,2.9689219779194005,2.8824887576524003,0.4340131686553572,0.13007651811896287,3.831978787247506
ADO,-20.94690727833433,15.853747603838638,1.8633903072219336,-7.4791622289203525,21.298664887559596,-5.482622637056728,0.9988173729714459,3.7821013114413717
SXM,-19.1429598096119,0.9774393752775643,-6.605341609395906,-5.272428961913863,4.3621248588048305,7.49742939739135,-0.8594046286714219,3.770724561047599
LCN,-27.938070464053432,-13.869281778215353,-17.87041042754551,14.106325555624796,-4.218879754959038,-6.975044451385845,5.272793421733213,3.6666666666666696
BGD,36.0900846642093,15.120482055554163,2.3145009583789684,6.170731296094658,-10.889356882792772,-4.557574423577741,-4.05344226349348,4.0
LIE,23.660676107209373,8.200678539544555,2.891228654561087,22.23860658783992,-4.73139498037765,-4.415492348300247,4.182327099360296,3.6138353953268734
LBY,-7.068880704537857,-9.750189036549223,-9.297725239431344,-16.713076640688573,-6.323638014001769,5.1401190336918265,-12.040356806031857,2.815024511964256
ESP,-4.743833071333936,1.501765223712725,-36.899432828812984,17.474894909046807,-5.06821851436773,2.1019218089467766,3.6978210103285836,3.979065057772006
PAK,30.452285326228516,45.115253062816976,64.59517233484613,-35.4399835924983,13.831247022363215,6.913875753926639,8.643951712602522,2.0
ETH,36.48798724117107,12.3954429614355,39.69566969203918,10.20992081904078,-28.368623675357995,-5.179787404831561,-4.215293025113898,3.0
OED,-29.25859915661304,-165.25403238810907,8.105644272974786,27.46774419221084,5.105789917073786,-35.665124600280805,9.296249850327035,3.26195966529294
GNB,49.10910063148684,31.928416712805845,36.081088296366524,14.203785254997042,-3.1060752708536286,-15.115815818112184,-21.84110774818232,2.5
CYM,3.223103583946492,10.933211457908824,-0.4941794984780166,-1.696775745918676,10.478363826593162,4.8850737486406945,-8.870911210583339,3.6257868059863556
BWA,62.02923858683354,4.088827640001353,0.460557328000387,12.845833540408094,-6.993395740285795,4.516313636362679,3.9993719583554834,2.9153626317149284
FJI,73.67474795669503,-0.2512280822000044,-10.499694233746064,-28.39464048342723,24.366320411725493,-15.414127754651822,-2.0691921062987064,4.297079427373947
DEU,-9.980544493076314,-24.832244589384565,0.882943858890618,6.007830171916792,-15.181138780575113,21.02037002432028,18.053657838875438,4.173100720692429
JPN,2.165551148151231,-67.42230586058835,-5.526087290057987,-28.97688860109063,-25.305302147378743,34.61319772285503,-18.093066603772662,3.5987439453299945
AZE,64.51241549450512,15.316709197918438,-0.6337860901590171,17.013722542036824,-26.749519567351253,19.433776213183467,4.7488651024175175,4.0
CZE,-8.480478350482807,14.78524618293663,-13.961087048019444,-3.434776849869717,17.71953844028578,5.201397282432265,15.049730813622412,3.624558316039301
LAC,-293.17492058287837,35.37902335672624,-34.1789981293253,-15.003622257224038,-19.266292674971517,-14.636200139001264,-10.081481834945235,3.6666666666666696
HRV,2.4394837140974492,26.94538689062434,-20.340660350109726,1.156474265384787,7.768669436414237,2.9923523153375275,19.242183963721146,3.969201902346206
ALB,52.19250442520255,11.875759649254354,-12.365503510752752,6.750462557386787,3.2327557467111054,-3.309070721198683,-3.61285569559114,3.9995787008885193
ZWE,44.05532630442695,5.553602757378751,26.045432579692612,1.7122384932571986,19.653352355498,-18.67103587684529,-23.37660395678265,2.5
URY,1.6409009560845587,10.796186280814318,-21.646551886734812,9.489525340927408,-6.811171621794319,-7.56651592187082,0.3674372398961087,3.3026327338978163
MAF,21.50612135778608,-6.183581982706739,-3.4316361632605124,-5.116955414584604,-0.16256409507478894,-5.454679489575013,-6.702078234563073,3.120045767156938
BGR,43.88798582342432,19.91305265708453,-17.924483198753784,-5.136062561531309,25.289421607650027,7.568027413310012,15.708433802566567,4.160958715285448
ECA,-190.19095283155926,21.288816178835063,-17.843356875225464,-3.0072143494200656,-9.244935771193816,-10.416942671915148,1.526478190994394,4.27777777777778
LBN,34.15145791807126,5.107711815799865,-18.284811963715914,-19.77494857755206,18.67872442899223,-6.96586261451947,-17.352124030138594,3.874821466211837
GBR,-19.558277600884775,-5.027281417160409,-14.794238592186227,11.900721448391662,-17.093178178596663,13.760938022758012,-3.8579187625984557,3.8504156517075376
LIC,-126.0125762976466,50.75688202996952,67.55212494421659,21.387050207852482,7.56102361858695,19.087382115348728,-4.650015427958659,3.1785714285714306
UMC,-620.138610380676,0.9587125592340879,-8.013242138374075,-30.767362858453264,-36.34191786384413,-24.381693201256173,1.275690338869621,3.75
ARE,6.4687250842891615,-2.517705192683346,-9.80709306176121,7.110844528053192,0.28761254492786054,17.37783233218757,0.4495084161071607,3.7345680939456614
SSF,-37.70576466474894,25.32734060659172,51.95429440539375,9.276671473784388,31.01070637634239,29.41554312007424,-4.066194162964638,3.25
VCT,46.78734179894398,15.578861206822792,-23.02318455669738,-4.164326152314852,11.87285299302286,-18.58054015275997,-0.09943666923083512,4.0
NER,54.46782932161587,37.71576801148197,91.70853473034092,-17.134540908251985,-2.138566057858827,-4.034512013164786,8.323505238827321,2.5
NOR,28.368887407881765,-27.059250800432714,-33.523883099210266,3.5532444222159247,-6.867153936547104,30.148714344098273,9.790874400457238,3.4562364898737217
BRB,17.138566754505128,16.48627231687837,-26.47061862559362,21.28802025367295,-17.192573315131373,2.8797835586870866,-15.929691495189452,3.2136829592476435
EMU,3.72080842199644,-54.945032435048816,-7.324003189251825,15.17493776331247,8.022596569883437,-16.211706764507202,4.169485977658913,3.726927468049473
MRT,47.77898361917391,1.1486211468703755,26.011291328671497,-29.039171266858112,12.009486007996042,8.5573482059639,9.266464446826673,4.0
LVA,3.9117080658375745,23.24830826867268,-32.55711189902182,14.065539625732617,0.6521410092633494,-5.072140858062426,13.442463398149004,3.2875823028888096
MAC,12.35174490307328,-23.678411608445316,-2.4024296519083883,-8.811750983049592,-28.744750141800232,48.27658616216107,17.156411375335626,3.264944533398089
SWE,-5.212207579969438,-12.305641155913904,-24.91905197615402,9.359292066133325,-12.681729741030413,16.118276920510233,10.598553123232682,3.779125462353673
GEO,39.053432876928355,15.890657723274666,-25.0240253574589,18.37208058062502,-18.721051561873935,-4.957215333614203,17.251832132402388,4.5
TUR,-34.18420778483161,6.239519287011792,-26.69066682809876,-13.283043296192432,4.713743508921409,-6.140925883204926,5.760967321853097,3.8814812186640815
JOR,47.33192871800787,19.34299992421924,-33.24878105491322,-10.838048524444226,26.178814594288394,-8.802234885017397,11.204373080966285,4.088864101222284
LTU,36.1119184051213,14.033680048730412,-33.2326870144295,5.990687569525704,7.287395418287032,7.459773089239696,-16.357577401284352,2.5313175880908707
BRN,3.427724307696604,-3.319287345156081,-6.040278564070325,-9.470375996461128,-22.301795003514393,17.97127130609913,1.346837272905663,3.071934601803366
CAF,62.21082254268847,44.565490804411745,68.18268308097333,7.831327743767701,2.2133486025995888,-2.5906401848013485,1.74057915772484,2.5
NOC,3.884383429645456,-23.753327792256776,-25.154483960280647,4.489720343593995,-4.962450610438343,0.7600684068485727,9.936922844025023,3.139205353860815
OMN,12.096653087394227,-2.163751548562234,-14.40901890217244,-8.611851500535534,-8.228062115545969,11.910547448125348,0.5763843565208189,3.1440299794031383
DJI,44.99725640904671,13.469102056710852,21.94348406879977,-6.152714087729221,8.531359551629722,-3.3936722727885726,-2.560341540316839,3.0
SOM,62.12819013744283,-8.373613839589575,17.72707072990599,-21.618683180816216,13.702158237037109,-8.904629894726392,-15.098687101153946,4.805714888064818
SST,15.09442319252699,13.345364394237706,17.317017876590416,-1.6582448169689772,-1.9605781588078641,9.77189745055869,8.906001310202868,3.45
SAU,8.265032128758298,-16.112024313184776,-5.670848087239203,-32.404165837741196,6.147916496271525,16.9839353355873,3.108444143259077,3.1127221513082546
ITA,-15.771169695819793,-2.2352857885853177,-32.95503625886448,-8.060538317885975,8.33158352422727,7.661032317242718,-0.6505572740336024,3.1556192364497777
ZMB,57.30444481747839,8.172357164178784,21.463324605021953,20.01329946517553,-15.676435062142426,-5.090381321912902,-1.0555564360577125,3.5
ARM,44.72611385644111,18.439110947242018,-1.954440014097188,10.28517304947233,-7.989930460688337,-7.180934812367064,17.602109901542203,4.5
MWI,51.21955337893246,16.10406344843807,13.516926195650976,16.404319503031683,2.223664702826623,-12.394229720070305,8.936736139062159,3.5
BHS,9.22344406468908,21.273567187127476,-0.6284365695185801,19.37069822094347,-5.257582409266008,-14.951988873935294,-34.03489826106311,3.3372605669568296
CEB,-10.692276588934766,-3.7782514082973306,-28.892416748848444,-7.483624214368786,2.195442828690486,0.6939777354186969,5.750200959279246,3.4890982130628716
LMY,-1360.3956676384678,40.523650704794235,20.986268158577992,26.14541039477955,27.642942493751153,15.331510058517942,-7.983275031488046,3.4350649350649305
GAB,58.809248996468305,-5.012319636558634,-1.624659664293995,-13.29016600270676,5.297646548218612,-1.6185146397978831,-8.218866527156024,3.7028199367576757
DMA,46.84467004351794,15.508938621281807,-25.28244633381888,9.573832688388164,10.622368759428923,-4.957880862855867,12.54317477806145,3.0
FSM,-35.06000214974134,12.949732478436475,-9.8089991485232,3.2504563708720773,-1.5776882634101672,-10.062489814769881,-3.8932446938708125,4.300176378456646
HPC,-41.792880330648934,26.702550072816997,63.675991038638195,18.180896947471457,18.194106427892695,35.48226008510353,6.6840751334668,3.22368421052632
GTM,55.43896122781792,27.829744679865335,-4.224471798665876,-0.10486354967126238,10.485093085412643,-7.336294928157211,12.873671785380315,3.2326177829529694
LCA,45.43280063322869,15.929703873571016,-26.385326034720432,17.739545766470957,-8.290479032536453,-3.7315632082653694,1.9815492157150083,3.5
MKD,56.27643399284017,18.079659399071577,7.5313311417742215,10.176480290636025,-10.316907054005089,3.5679674744100143,1.9799680821682573,3.626539683442771
SUR,4.980805929267852,18.410997880602576,1.9484967792139471,-26.52733241290555,6.8446141605806625,-1.43613766712878,1.6518154149481798,3.4136461214532323
RWA,52.264124392826986,22.178695744609232,13.190337703023697,27.36397442414097,-20.600478302041125,-15.328766248954908,0.7243929235699,4.0
AUS,10.729875450546741,-4.388753049127619,-9.403052832548369,18.236324151681654,-22.361150209737023,22.26521450709956,10.813535634366984,3.871733250475798
GIN,54.305174928165705,36.043949633182486,67.24233539372187,-6.320455562882744,-1.1628278538036725,-4.211731175567595,-8.486366783305897,3.5
ECU,58.59342594029708,8.228621818173636,-27.897984551620038,11.73871759877311,-6.2028828405076455,-12.89868796027658,-7.051446439204749,3.4947178696777197
IRL,0.7932054001129663,2.9047083370286173,-27.859042613298218,7.6647699998646655,-10.513594387072251,6.210878157116819,2.6989042862449124,3.382170671784234
ZAR,35.912540875729476,26.4715569207344,50.88443260862638,-18.245012410133196,22.526722746946255,-6.928441825960987,-2.2110226899953234,2.5
HTI,48.45049670761891,14.562046712917732,3.070854285542558,-2.8724264650834623,14.22552710515449,-17.43811883729147,-15.871413574695364,3.0
AUT,-9.86089377480123,1.1788191498729603,-13.987895519991165,14.458095111038215,-4.093579399231042,19.77509700283106,11.199311507659344,3.6910087506154095
MCO,-0.061389707631407005,7.206921149924508,-4.391713458057859,-4.2303948266183395,2.8322857881733814,4.765820560113087,4.298319279273885,2.9899949363220664
OEC,12.905044994744438,-162.53662681586545,10.871727718164008,7.862434548867831,11.446306847268215,-29.354319781472917,3.1317842728060206,3.163105040946615
MEX,-72.20515189637624,7.429218533740279,-26.185528156982205,-5.633557366842293,-9.714990892474475,-2.976351040845609,-6.997817092529202,3.2360716598026524
LKA,32.19962275153197,16.137943672826825,-12.326093146804308,-5.992031220754483,4.0409149266911575,-4.1317161964874884,-1.0243242336778424,4.0
MLT,-6.479726665852341,11.51760436240544,-19.15745095311462,-2.77688080037771,9.819102115065613,3.6750078548591736,2.372377356030149,3.6455392791251278
SAS,-118.71176053014682,10.396103794228202,22.751840794701423,-22.67794223316728,18.23570522980081,-3.568219844413419,17.6105586498532,3.4375
POL,15.74058571734559,5.394455908419383,-25.130523577945223,0.42230844430154907,-0.39568699220520315,2.7065573625662265,4.0575385317016055,3.0979969734594954
GMB,57.04321412683877,35.42858642116016,56.28347120970998,9.717467171472563,-5.79718329279251,-5.569230363834205,9.249359330146847,3.5
PYF,31.069148869922714,1.2650553512136373,11.020751240958916,-12.196714507782186,10.538846784958675,7.336567128527304,12.44006071473886,4.208790020700492
CSS,-6.29706542937667,3.3016748150143194,-17.333329074381467,2.289917158208242,-13.947307604615226,-6.854906241864114,0.8848601735441884,3.7
IRN,49.55527757873449,-205.22203706549598,38.054329919362,-68.20910104631713,-25.838516871428272,-7.077559173645781,19.23586102065926,3.92977677315504
THA,36.742945395315125,0.2757049123534631,-9.656174068607369,-1.8413051095490194,-6.748015759367058,-3.0886816132497623,2.310284038295699,3.5276123535606496
IRQ,26.644863333156657,11.463577136570137,-0.5295132035070809,-21.773170389347836,9.876934158386563,-0.02289703300587467,-7.305633560787515,3.4736910513916865
SGP,10.862205955845168,-33.616410937756,2.513544421858672,-7.152125213407778,-5.7059705400695275,22.659073797693573,19.658267474909326,3.3836986511670206
TTO,-18.018476343195932,7.6175190525028675,-19.940157533015366,-11.229527494574478,-8.377187994008843,23.725282450637547,2.5758980371216524,2.9222620499484293
CHI,7.202944949951187,-3.1468242543818987,-6.69421369162471,-5.997645900414285,-9.841330973379876,3.921411630385954,-0.8380081763874961,2.7199786022490686
GUY,62.70336568285898,15.594190143194188,22.759188219678236,0.8551005014878209,3.965518095468592,-5.677245233869458,1.0346167535577404,3.5
KNA,-2.6895752849569354,23.0265858677269,8.023033775735799,9.62594903763884,-6.557599583531101,-7.336418655492919,-8.685578647024098,3.6188919272991575
HND,50.69751282845068,20.656210867776633,-13.382938554662783,12.112757280991513,-0.9709907707500494,-11.994187453761269,4.538983351628772,4.0
NCL,-0.7603182020861748,-1.1090099026999907,1.0324530843895439,3.503874377855776,-4.493887754925481,8.690631506839548,14.17737558376004,3.9018510924285206
PLW,15.663476587808828,11.600246496873345,-8.681299517736386,-5.100557196145844,7.8460876930202135,9.271917477218706,2.591475814150444,3.646910480221697
ASM,4.83592299679305,-7.884217246176685,10.171626372469962,-0.543521015938228,8.043922735613283,-9.933268885729028,8.024790109952987,1.686951438876175
KIR,-1.1039611587174483,17.058630392924968,-2.4972968745044475,19.777735218313353,-5.170950357410619,-19.324765282140696,-24.672303724696235,2.5
DOM,45.35621621774885,9.967035413588343,-6.490996076244491,11.790220227709634,-10.88058659080274,-12.835766018157114,-2.318265309536131,3.4999393705381916
